student_id,student_name,module_id,module_name,quiz_score,attempts,completed,coins_earned,last_activity
s001,Alex Chen,m1,Warm-up Fitness,90,1,true,20,2026-03-01
s001,Alex Chen,m2,Ball Skills,75,2,true,15,2026-03-03
s001,Alex Chen,m3,Team Games,60,3,false,5,2026-03-05
s002,Jordan Lee,m1,Warm-up Fitness,95,1,true,20,2026-03-02
s002,Jordan Lee,m2,Ball Skills,88,1,true,18,2026-03-04
s002,Jordan Lee,m3,Team Games,82,2,true,16,2026-03-06
s003,Sam Patel,m1,Warm-up Fitness,70,2,true,12,2026-03-01
s003,Sam Patel,m2,Ball Skills,55,3,false,4,2026-03-04
s004,Riley Ng,m1,Warm-up Fitness,100,1,true,22,2026-03-02
s004,Riley Ng,m2,Ball Skills,92,1,true,20,2026-03-03
s004,Riley Ng,m3,Team Games,85,1,true,18,2026-03-05
s004,Riley Ng,m4,Cool-down & Reflect,78,2,true,14,2026-03-07
s005,Casey Wong,m1,Warm-up Fitness,65,2,true,10,2026-03-03
s005,Casey Wong,m2,Ball Skills,40,4,false,2,2026-03-06
s006,Morgan Kim,m1,Warm-up Fitness,88,1,true,18,2026-03-01
s006,Morgan Kim,m2,Ball Skills,80,1,true,16,2026-03-02
s006,Morgan Kim,m3,Team Games,70,2,true,12,2026-03-04
s007,Taylor Brown,m1,Warm-up Fitness,50,3,false,3,2026-03-05
s008,Jamie Singh,m1,Warm-up Fitness,92,1,true,20,2026-03-02
s008,Jamie Singh,m2,Ball Skills,86,1,true,17,2026-03-03
s008,Jamie Singh,m3,Team Games,79,1,true,15,2026-03-04
s008,Jamie Singh,m4,Cool-down & Reflect,91,1,true,19,2026-03-06
s009,Avery Liu,m1,Warm-up Fitness,77,2,true,14,2026-03-01
s009,Avery Liu,m2,Ball Skills,68,2,true,11,2026-03-03
s010,Quinn Park,m1,Warm-up Fitness,84,1,true,16,2026-03-02
s010,Quinn Park,m2,Ball Skills,73,2,true,13,2026-03-04
s010,Quinn Park,m3,Team Games,66,3,false,6,2026-03-07
